student_id,gender,age,attendance_percent,study_hours_per_week,parental_education,previous_exam_score,math_score,science_score,english_score,internet_access,extracurricular_activities,socio_economic_status,school_type,performance_level
S0001,Female,17,85.4,2.5,Postgraduate,65.3,39.6,41.4,30.9,No,Yes,High,Private,High
S0002,Male,16,93.8,8.5,High school,81.2,19.4,23.7,24.1,No,Yes,Low,Private,Medium
S0003,Male,16,71.2,16.8,High school,55.6,38.6,48.5,34.5,Yes,No,Low,Private,High
S0004,Female,15,90.2,14.6,No formal,86.7,30.3,16.3,34.0,No,No,Low,Private,Medium
S0005,Male,17,92.5,10.9,Diploma,59.0,6.9,7.0,2.0,Yes,No,Middle,Private,Low
S0006,Female,18,88.8,4.7,Undergraduate,75.1,11.7,3.1,15.5,Yes,No,Low,Public,Low
S0007,Female,16,86.2,7.0,Diploma,79.4,17.5,9.4,7.3,Yes,No,High,Public,Low
S0008,Male,18,87.8,5.8,Diploma,86.6,31.7,32.7,14.0,No,Yes,Low,Private,Medium
S0009,Female,17,87.0,4.9,Undergraduate,89.9,35.3,46.4,48.0,No,Yes,Middle,Private,High
S0010,Female,18,75.8,9.0,No formal,45.2,31.7,45.0,40.7,Yes,No,Low,Private,High
S0011,Female,18,92.2,15.0,Postgraduate,73.5,34.6,32.0,38.0,No,No,High,Public,High
S0012,Male,17,85.5,2.6,Undergraduate,42.9,48.3,40.2,46.5,No,No,Low,Private,High
S0013,Male,15,87.8,16.8,High school,76.5,9.4,8.7,0.4,Yes,No,Middle,Public,Low
S0014,Male,18,71.1,10.5,Diploma,52.0,26.4,30.3,14.0,Yes,No,Low,Private,Medium
S0015,Male,18,79.6,17.5,Postgraduate,95.5,30.6,23.8,18.2,Yes,No,Middle,Public,Medium
S0016,Male,18,80.7,13.2,Diploma,59.9,33.6,24.2,20.8,No,Yes,High,Private,Medium
S0017,Male,18,97.0,14.7,Postgraduate,50.3,11.4,6.1,14.6,No,No,Middle,Public,Low
S0018,Female,17,89.9,10.7,No formal,68.1,31.9,17.2,28.9,Yes,No,Low,Public,Medium
S0019,Female,16,79.2,15.0,No formal,80.6,30.8,36.2,39.7,No,Yes,Middle,Public,High
S0020,Female,15,83.7,14.7,Undergraduate,72.3,29.8,14.7,15.5,Yes,Yes,Low,Private,Medium
S0021,Male,18,76.6,12.1,No formal,44.2,6.4,7.0,9.7,No,Yes,Middle,Public,Low
S0022,Female,18,98.7,11.4,High school,78.8,17.1,4.1,11.8,No,No,Low,Private,Low
S0023,Female,17,83.1,4.7,Diploma,75.6,16.9,14.8,31.0,No,Yes,High,Private,Medium
S0024,Female,18,79.0,11.1,Diploma,65.1,36.4,46.7,49.6,Yes,Yes,Low,Public,High
S0025,Female,15,77.6,13.4,Undergraduate,90.4,4.0,0.1,12.4,Yes,No,Low,Public,Low
S0026,Male,16,99.5,4.0,Diploma,65.1,49.3,36.5,43.6,Yes,No,Low,Public,High
S0027,Male,15,88.0,6.9,Undergraduate,90.4,40.8,37.7,49.3,No,No,Low,Public,High
S0028,Male,15,89.9,7.5,High school,50.1,5.4,5.3,13.9,Yes,No,Middle,Public,Low
S0029,Female,17,93.1,1.4,Postgraduate,78.5,48.8,43.8,43.1,No,No,High,Private,High
S0030,Female,16,87.0,15.5,No formal,79.2,40.7,31.8,46.3,Yes,No,Middle,Public,High
S0031,Male,18,80.9,12.7,Postgraduate,76.7,14.9,8.3,16.2,Yes,No,Low,Public,Low
S0032,Female,18,86.6,15.1,No formal,81.5,3.4,4.4,14.1,No,No,High,Public,Low
S0033,Female,17,73.7,5.3,Diploma,69.0,17.5,7.2,9.2,No,No,Middle,Public,Low
S0034,Female,17,73.7,1.9,Undergraduate,95.9,40.4,35.1,27.6,Yes,No,Low,Private,High
S0035,Male,17,78.8,8.9,High school,87.9,35.9,43.1,43.4,Yes,Yes,High,Private,High
S0036,Male,15,92.4,8.5,Postgraduate,55.0,7.6,14.4,10.0,No,No,Low,Public,Low
S0037,Male,17,90.8,3.6,High school,92.8,11.6,3.5,0.7,Yes,Yes,Middle,Public,Low
S0038,Male,16,87.7,9.4,Postgraduate,46.3,45.8,37.4,37.6,No,No,Low,Private,High
S0039,Female,18,98.1,15.6,Diploma,66.5,22.7,18.0,16.3,No,No,High,Public,Medium
S0040,Male,16,70.6,6.2,Postgraduate,72.4,15.3,21.9,23.4,No,No,Middle,Public,Medium
S0041,Male,15,90.7,16.3,Postgraduate,49.0,12.5,3.1,13.7,Yes,No,Low,Public,Low
S0042,Male,15,86.5,13.2,Diploma,52.9,36.8,40.2,36.8,No,Yes,Low,Public,High
S0043,Male,18,75.3,4.1,Postgraduate,54.6,4.4,1.5,7.9,Yes,No,Low,Private,Low
S0044,Male,15,78.4,7.0,High school,51.2,48.5,29.1,44.7,No,Yes,High,Public,High
S0045,Male,15,70.4,4.8,High school,48.7,22.4,13.9,24.0,No,No,Low,Private,Medium
S0046,Male,17,78.2,3.1,Undergraduate,56.4,13.8,13.9,13.0,No,No,High,Public,Low
S0047,Female,16,81.6,11.4,Diploma,47.0,43.3,39.5,42.5,No,No,High,Public,High
S0048,Male,16,85.4,15.7,Postgraduate,53.2,29.0,25.5,27.0,Yes,No,High,Public,Medium
S0049,Male,16,83.2,9.6,Undergraduate,97.7,17.1,29.0,20.8,Yes,Yes,Middle,Private,Medium
S0050,Female,16,76.4,13.8,Undergraduate,63.5,39.5,49.1,44.4,No,No,High,Public,High
S0051,Male,18,75.4,5.8,High school,77.7,24.1,30.8,31.1,No,Yes,High,Public,Medium
S0052,Female,18,88.6,16.4,Postgraduate,58.5,9.1,15.3,16.6,Yes,No,Middle,Private,Low
S0053,Male,18,86.5,5.5,No formal,97.8,41.9,43.5,27.3,No,Yes,High,Public,High
S0054,Female,18,76.1,15.9,Diploma,75.9,8.7,12.0,4.4,Yes,Yes,Middle,Private,Low
S0055,Male,15,84.9,5.6,Postgraduate,77.9,10.5,5.1,5.0,Yes,No,Middle,Public,Low
S0056,Male,18,98.7,0.7,Undergraduate,82.2,20.4,22.5,18.4,Yes,No,Middle,Public,Medium
S0057,Female,15,99.9,5.8,No formal,44.8,25.4,17.2,14.5,No,Yes,High,Public,Medium
S0058,Male,18,77.9,4.7,Undergraduate,65.4,29.9,13.4,28.8,No,No,High,Public,Medium
S0059,Female,18,90.2,15.7,Postgraduate,70.8,48.1,34.0,36.5,Yes,No,High,Private,High
S0060,Female,15,81.5,18.0,Diploma,64.1,43.6,47.2,31.2,Yes,No,High,Private,High
S0061,Male,15,92.1,5.9,Postgraduate,76.9,17.4,19.6,13.3,Yes,No,Middle,Private,Medium
S0062,Male,17,89.5,6.0,Undergraduate,49.6,28.4,23.5,16.4,No,No,High,Private,Medium
S0063,Male,18,92.8,6.7,No formal,61.5,18.5,19.0,25.7,Yes,Yes,High,Public,Medium
S0064,Female,15,92.0,4.4,Diploma,40.7,38.8,44.5,42.0,No,Yes,Middle,Public,High
S0065,Female,18,73.0,14.0,Undergraduate,85.4,2.6,15.0,11.1,Yes,No,Low,Private,Low
S0066,Female,17,71.6,14.8,No formal,99.1,3.5,8.8,11.4,No,No,Middle,Private,Low
S0067,Female,17,98.7,16.3,Undergraduate,74.7,34.7,48.9,48.1,No,Yes,Low,Public,High
S0068,Male,18,98.8,2.6,Diploma,45.7,5.2,0.2,6.1,No,No,Low,Private,Low
S0069,Female,16,85.0,13.3,Diploma,41.3,27.7,32.4,12.7,No,Yes,High,Private,Medium
S0070,Female,18,98.2,12.0,Undergraduate,42.2,33.4,36.7,38.8,Yes,Yes,Low,Public,High
S0071,Female,15,96.1,14.5,Undergraduate,75.5,15.3,3.0,5.1,No,No,Low,Public,Low
S0072,Female,17,80.3,12.1,Undergraduate,78.0,6.8,0.8,4.0,Yes,Yes,High,Private,Low
S0073,Male,17,75.5,1.1,Undergraduate,87.7,6.0,5.2,10.4,No,Yes,Low,Private,Low
S0074,Female,16,89.1,10.1,High school,48.4,47.3,28.3,30.7,Yes,No,High,Private,High
S0075,Female,15,88.9,2.0,Postgraduate,55.1,37.8,30.9,43.9,No,No,Low,Public,High
S0076,Male,17,71.1,11.0,Diploma,75.4,43.3,37.0,28.3,Yes,No,Middle,Private,High
S0077,Female,15,93.6,11.4,Undergraduate,99.2,40.3,28.4,44.1,Yes,Yes,Low,Private,High
S0078,Male,18,93.3,2.2,Postgraduate,55.0,0.3,5.7,7.3,No,Yes,Low,Private,Low
S0079,Female,15,82.1,17.5,Undergraduate,61.6,32.0,41.2,47.4,No,Yes,Low,Private,High
S0080,Female,15,97.8,14.1,High school,66.4,36.9,36.7,48.9,No,Yes,High,Private,High
S0081,Female,17,70.8,12.7,High school,52.4,47.2,35.8,45.1,Yes,No,Low,Private,High
S0082,Male,18,75.8,4.8,Diploma,52.3,23.5,28.5,29.0,Yes,No,Middle,Public,Medium
S0083,Female,16,87.6,2.1,Postgraduate,70.0,22.5,19.8,29.0,No,Yes,Middle,Private,Medium
S0084,Male,15,82.3,5.4,Undergraduate,48.1,24.5,18.6,23.7,No,No,Low,Private,Medium
S0085,Female,18,87.5,9.8,Undergraduate,55.7,12.2,9.2,5.5,No,Yes,High,Private,Low
S0086,Female,18,91.8,6.0,No formal,55.2,1.9,10.5,9.9,Yes,No,Low,Public,Low
S0087,Female,17,91.0,7.1,Diploma,93.3,12.9,15.2,6.1,No,No,Low,Private,Low
S0088,Female,17,83.0,2.0,High school,44.6,32.3,28.6,19.8,Yes,No,Low,Public,Medium
S0089,Male,18,74.4,15.1,No formal,56.8,38.0,43.2,47.1,Yes,No,Low,Private,High
S0090,Male,17,73.8,2.9,Postgraduate,65.8,32.6,42.3,44.7,Yes,No,Low,Private,High
S0091,Male,18,96.6,14.5,Postgraduate,67.7,28.1,23.1,31.4,Yes,No,Low,Private,Medium
S0092,Male,17,76.9,15.1,No formal,87.3,16.7,10.9,1.9,Yes,Yes,Middle,Public,Low
S0093,Male,18,93.5,7.3,Undergraduate,69.3,17.4,16.5,33.8,Yes,No,Low,Private,Medium
S0094,Male,16,88.5,3.6,High school,88.5,34.9,46.1,40.3,No,No,High,Public,High
S0095,Male,16,97.4,14.1,High school,82.1,32.6,27.4,20.4,No,No,High,Public,Medium
S0096,Female,18,96.4,16.0,Undergraduate,42.7,10.8,10.7,6.8,Yes,Yes,High,Private,Low
S0097,Female,16,96.2,15.7,High school,83.9,34.7,23.4,16.3,Yes,Yes,Low,Private,Medium
S0098,Female,17,93.2,4.1,Diploma,42.5,4.1,10.8,13.8,Yes,No,High,Private,Low
S0099,Male,18,96.4,13.5,High school,60.9,10.3,13.3,16.9,No,No,High,Public,Low
S0100,Female,17,87.0,14.3,Diploma,94.4,46.4,29.7,29.9,No,No,High,Public,High
S0101,Male,17,71.6,17.5,Postgraduate,54.7,48.7,30.4,47.1,Yes,No,High,Public,High
S0102,Male,18,76.3,3.1,Undergraduate,84.2,21.9,28.7,19.4,No,Yes,Middle,Private,Medium
S0103,Female,18,83.3,16.8,No formal,98.5,45.0,35.4,31.4,Yes,Yes,Middle,Private,High
S0104,Female,17,78.1,8.9,High school,99.2,31.2,24.7,26.1,No,Yes,Middle,Public,Medium
S0105,Female,15,79.3,14.7,No formal,90.3,32.1,15.5,24.4,Yes,No,Middle,Public,Medium
S0106,Female,16,76.9,7.3,No formal,56.1,9.4,14.2,2.6,No,No,Low,Public,Low
S0107,Female,16,82.7,12.5,High school,78.6,12.1,0.3,8.8,No,Yes,Middle,Private,Low
S0108,Male,16,73.9,12.3,Undergraduate,57.8,6.4,8.4,2.2,No,No,Low,Public,Low
S0109,Female,17,73.6,17.0,High school,44.7,1.6,15.3,10.9,Yes,Yes,High,Private,Low
S0110,Male,15,94.3,13.3,Diploma,65.6,31.0,28.1,24.3,No,Yes,Middle,Public,Medium
S0111,Female,18,92.6,16.8,Undergraduate,65.1,32.2,40.4,33.0,Yes,No,Low,Private,High
S0112,Male,17,95.7,1.3,Diploma,47.1,23.1,16.9,14.7,No,Yes,Middle,Private,Medium
S0113,Male,17,75.8,12.1,Undergraduate,75.8,1.6,12.3,16.1,Yes,Yes,Middle,Public,Low
S0114,Female,18,79.4,11.6,High school,72.3,16.0,25.7,16.7,No,Yes,Low,Public,Medium
S0115,Male,18,73.2,14.8,Postgraduate,77.3,8.1,14.8,13.4,Yes,Yes,Middle,Public,Low
S0116,Female,18,94.3,16.4,Undergraduate,80.4,33.7,48.2,46.5,No,No,Middle,Public,High
S0117,Male,15,90.6,2.5,Postgraduate,82.7,30.2,24.3,26.0,No,Yes,High,Private,Medium
S0118,Male,18,95.6,8.3,Diploma,90.0,6.0,1.3,5.3,Yes,No,Low,Private,Low
S0119,Male,15,95.5,9.5,Undergraduate,79.2,43.2,49.3,32.1,No,No,Middle,Public,High
S0120,Female,18,97.2,17.1,Postgraduate,43.1,27.3,14.2,25.1,No,Yes,Low,Public,Medium
S0121,Female,16,85.9,10.7,Diploma,49.0,29.8,28.8,32.3,Yes,No,Middle,Private,Medium
S0122,Female,16,74.7,15.1,Postgraduate,54.0,21.5,22.5,24.6,No,Yes,Middle,Private,Medium
S0123,Female,17,74.7,1.1,Postgraduate,98.4,17.4,13.6,9.9,Yes,Yes,Middle,Private,Low
S0124,Female,17,77.3,13.6,High school,54.9,8.2,4.2,4.1,No,No,High,Private,Low
S0125,Female,18,80.8,7.2,High school,78.0,0.3,14.9,5.3,Yes,No,High,Public,Low
S0126,Female,18,90.3,16.6,Diploma,84.1,33.9,29.0,40.6,Yes,Yes,Low,Public,High
S0127,Female,17,84.1,15.2,Undergraduate,46.6,32.9,30.9,27.8,Yes,Yes,High,Public,Medium
S0128,Male,16,85.6,8.9,Diploma,55.5,38.2,42.7,32.3,No,Yes,High,Public,High
S0129,Female,15,72.8,3.5,Postgraduate,63.6,20.2,14.9,12.4,Yes,No,High,Public,Medium
S0130,Female,16,84.5,12.5,High school,87.2,28.7,19.3,14.1,Yes,Yes,Middle,Public,Medium
S0131,Male,17,71.8,15.7,High school,54.4,49.9,34.2,35.6,Yes,Yes,Middle,Private,High
S0132,Female,18,93.8,9.2,Postgraduate,97.9,35.1,42.5,27.4,No,No,Middle,Private,High
S0133,Male,15,85.9,12.6,No formal,87.7,1.3,15.8,8.5,Yes,Yes,High,Public,Low
S0134,Female,18,79.0,17.2,No formal,82.5,4.0,12.6,9.2,Yes,No,Middle,Private,Low
S0135,Female,16,82.4,8.7,High school,41.2,33.1,44.1,44.7,Yes,No,High,Public,High
S0136,Male,16,74.3,14.4,Postgraduate,88.5,8.5,9.9,5.8,Yes,Yes,Low,Public,Low
S0137,Male,17,80.0,8.1,High school,49.1,34.9,32.6,12.2,No,No,Low,Public,Medium
S0138,Female,17,87.7,0.8,Undergraduate,48.9,24.0,32.7,32.3,Yes,No,High,Public,Medium
S0139,Male,16,77.8,9.5,Undergraduate,90.8,34.7,17.8,15.3,No,Yes,Low,Public,Medium
S0140,Male,16,76.9,10.5,High school,96.8,4.4,3.0,10.4,No,Yes,High,Private,Low
S0141,Male,18,78.7,0.3,Diploma,43.4,3.0,0.2,6.2,Yes,No,Low,Public,Low
S0142,Male,18,76.5,6.7,High school,68.8,2.7,8.8,1.4,Yes,Yes,Middle,Public,Low
S0143,Female,15,75.4,3.9,Postgraduate,96.8,34.8,16.4,32.4,No,Yes,High,Public,Medium
S0144,Female,15,96.6,11.0,No formal,49.9,43.9,38.5,36.9,Yes,No,Middle,Private,High
S0145,Male,15,70.6,17.7,No formal,89.3,41.9,48.2,44.8,Yes,Yes,High,Private,High
S0146,Male,17,87.5,4.3,Postgraduate,86.4,9.7,9.9,15.0,No,Yes,Middle,Public,Low
S0147,Female,16,78.2,0.6,High school,49.4,5.8,4.7,6.2,No,No,Low,Public,Low
S0148,Male,18,97.5,4.9,High school,54.3,13.7,2.1,7.4,No,Yes,Middle,Public,Low
S0149,Female,16,99.4,10.5,High school,49.3,27.2,18.7,12.6,Yes,Yes,Middle,Public,Medium
S0150,Female,18,95.0,11.1,No formal,73.9,9.1,11.7,13.4,No,Yes,Low,Private,Low
S0151,Male,16,83.6,1.0,Undergraduate,88.9,34.8,37.3,49.8,No,Yes,High,Public,High
S0152,Female,15,74.1,3.5,Diploma,68.2,29.0,19.5,23.5,No,No,Middle,Public,Medium
S0153,Male,18,97.9,9.3,High school,80.8,37.3,43.7,29.9,Yes,No,Low,Public,High
S0154,Female,18,91.6,4.1,Diploma,82.4,17.1,31.6,28.7,Yes,No,High,Public,Medium
S0155,Male,15,79.4,17.4,High school,52.3,34.6,47.9,38.8,Yes,Yes,Low,Private,High
S0156,Male,17,73.8,7.4,No formal,55.4,32.2,31.5,36.5,No,Yes,Low,Public,High
S0157,Male,18,81.7,1.3,No formal,59.0,31.3,15.1,32.3,Yes,Yes,High,Private,Medium
S0158,Male,15,71.6,15.9,Diploma,71.4,12.7,1.3,13.1,No,Yes,Low,Private,Low
S0159,Female,17,89.1,7.1,No formal,74.2,25.2,28.4,20.9,No,No,Low,Public,Medium
S0160,Male,17,75.0,12.9,Diploma,93.2,46.9,29.5,43.8,Yes,Yes,Middle,Private,High
S0161,Male,18,72.9,4.3,High school,92.0,22.9,22.6,31.7,No,Yes,High,Public,Medium
S0162,Female,17,75.5,2.0,High school,86.6,31.1,19.1,13.1,Yes,Yes,Middle,Public,Medium
S0163,Female,17,75.5,14.9,High school,41.7,16.2,23.0,15.2,Yes,No,High,Public,Medium
S0164,Female,16,98.3,6.7,No formal,54.4,16.6,8.8,6.9,Yes,Yes,Middle,Private,Low
S0165,Male,17,93.9,15.6,Diploma,60.8,1.6,0.6,15.7,Yes,Yes,Low,Private,Low
S0166,Male,18,82.6,10.1,Postgraduate,72.7,0.5,1.9,5.5,Yes,Yes,Low,Public,Low
S0167,Male,16,70.8,9.5,Undergraduate,61.7,34.0,27.8,26.3,Yes,No,Middle,Public,Medium
S0168,Male,16,92.4,14.7,Undergraduate,82.5,6.9,7.9,1.8,Yes,No,Low,Private,Low
S0169,Male,16,88.6,5.2,Postgraduate,95.2,35.8,36.8,34.2,Yes,No,Middle,Private,High
S0170,Male,16,80.2,0.7,High school,50.3,41.1,44.5,34.1,Yes,Yes,High,Public,High
S0171,Male,15,83.1,4.8,Diploma,42.7,33.8,27.3,13.2,No,Yes,Low,Public,Medium
S0172,Male,18,98.3,15.3,Undergraduate,68.6,48.9,39.9,38.4,No,No,Middle,Public,High
S0173,Female,17,79.7,5.2,No formal,47.8,12.8,5.9,12.4,No,No,Middle,Public,Low
S0174,Female,15,87.9,7.3,Postgraduate,59.8,11.9,14.1,15.4,Yes,Yes,Low,Public,Low
S0175,Female,16,71.4,1.3,No formal,52.0,46.8,41.1,41.7,No,No,Low,Public,High
S0176,Female,17,83.9,12.4,High school,53.5,34.7,36.9,40.2,No,Yes,Middle,Private,High
S0177,Female,17,70.2,10.0,High school,62.2,47.0,32.2,43.3,Yes,Yes,Middle,Public,High
S0178,Female,17,89.5,11.1,High school,43.1,35.0,37.7,28.4,Yes,No,Middle,Public,High
S0179,Female,16,93.6,5.4,No formal,75.5,19.1,16.0,23.9,No,No,High,Private,Medium
S0180,Female,16,74.1,0.2,Postgraduate,51.2,34.8,42.9,30.5,No,No,Middle,Public,High
S0181,Male,16,92.1,10.2,High school,50.4,1.0,5.5,15.6,No,Yes,Low,Private,Low
S0182,Male,18,89.1,8.6,High school,64.5,25.6,32.1,25.9,Yes,Yes,Middle,Private,Medium
S0183,Male,17,80.7,16.0,Postgraduate,74.7,49.3,45.3,36.3,Yes,No,Middle,Private,High
S0184,Male,18,96.3,14.7,No formal,87.9,33.4,15.9,23.5,No,No,Middle,Public,Medium
S0185,Female,15,78.5,14.6,High school,68.8,32.4,20.5,14.7,Yes,No,Middle,Public,Medium
S0186,Male,18,72.6,1.3,High school,84.0,17.9,5.0,4.7,No,No,High,Public,Low
S0187,Male,15,90.4,9.0,No formal,84.2,6.7,2.7,5.6,No,Yes,Low,Private,Low
S0188,Male,15,83.9,3.3,Diploma,45.8,21.9,25.2,22.3,No,No,Middle,Public,Medium
S0189,Male,16,83.2,9.6,Diploma,42.7,46.1,31.8,37.8,Yes,Yes,Middle,Private,High
S0190,Female,18,94.3,10.4,High school,67.1,0.2,9.5,12.1,Yes,Yes,High,Private,Low
S0191,Female,15,77.0,6.4,Diploma,85.0,16.3,2.7,12.5,No,No,Low,Public,Low
S0192,Male,16,82.5,4.6,Diploma,83.3,34.5,20.0,24.7,No,Yes,Low,Public,Medium
S0193,Male,18,75.1,8.0,High school,65.3,42.6,35.9,30.1,No,Yes,Low,Public,High
S0194,Male,15,76.2,15.6,High school,59.1,2.7,6.4,6.6,Yes,No,High,Private,Low
S0195,Female,15,92.1,14.2,High school,87.3,23.0,17.8,19.9,Yes,No,Low,Public,Medium
S0196,Female,18,96.5,10.9,Undergraduate,73.5,44.3,41.1,32.1,No,Yes,Low,Private,High
S0197,Male,16,74.0,13.7,High school,83.1,23.8,16.2,17.1,Yes,No,Middle,Public,Medium
S0198,Female,15,98.1,16.3,High school,88.8,39.1,31.0,39.4,No,Yes,High,Public,High
S0199,Male,18,81.3,13.1,Postgraduate,50.1,49.5,38.0,44.8,Yes,No,Low,Public,High
S0200,Female,16,82.6,4.1,No formal,97.5,49.5,47.7,42.1,Yes,Yes,High,Public,High
S0201,Male,15,88.8,8.7,High school,96.0,5.9,5.9,12.3,Yes,No,Low,Public,Low
S0202,Female,16,76.7,11.2,Postgraduate,68.9,38.7,29.2,41.4,No,Yes,High,Private,High
S0203,Female,15,97.2,2.7,High school,80.4,26.7,25.5,26.6,Yes,Yes,Low,Private,Medium
S0204,Male,15,86.7,3.8,High school,72.2,19.2,26.9,20.7,No,No,Middle,Private,Medium
S0205,Male,17,83.6,8.8,Postgraduate,54.0,45.0,34.3,37.9,Yes,Yes,High,Public,High
S0206,Male,18,87.2,2.3,Postgraduate,60.7,31.2,34.1,47.6,Yes,Yes,Middle,Private,High
S0207,Male,18,90.5,13.4,Postgraduate,73.5,30.4,27.4,22.3,No,Yes,Low,Private,Medium
S0208,Male,17,82.0,14.6,No formal,48.4,19.8,32.2,22.4,No,Yes,Middle,Private,Medium
S0209,Female,16,99.8,10.6,High school,94.2,35.7,39.2,32.1,No,Yes,High,Private,High
S0210,Male,15,89.3,13.2,Undergraduate,51.3,2.7,9.4,0.8,Yes,Yes,Middle,Private,Low
S0211,Female,15,99.8,13.5,Postgraduate,77.3,11.7,15.0,14.3,No,Yes,High,Public,Low
S0212,Male,18,86.4,7.4,No formal,77.5,33.9,48.9,46.2,Yes,No,Middle,Private,High
S0213,Male,16,91.4,10.4,No formal,82.9,33.5,13.1,33.4,Yes,Yes,Low,Public,Medium
S0214,Male,18,85.0,15.3,No formal,98.7,2.6,2.9,9.4,No,No,High,Private,Low
S0215,Female,18,73.1,2.0,High school,83.3,34.2,46.5,32.6,No,No,Low,Public,High
S0216,Female,18,80.8,10.1,Undergraduate,71.2,8.5,3.8,11.8,Yes,No,Middle,Private,Low
S0217,Male,17,73.3,13.3,Postgraduate,81.0,20.2,23.9,18.0,Yes,Yes,Middle,Private,Medium
S0218,Female,16,77.5,3.5,Postgraduate,44.9,37.0,42.8,37.0,No,Yes,Low,Private,High
S0219,Female,15,98.7,14.7,Postgraduate,99.5,12.9,8.8,0.9,No,No,High,Public,Low
S0220,Female,15,86.3,9.7,Undergraduate,65.7,34.5,29.6,15.2,No,Yes,Middle,Public,Medium
S0221,Female,18,97.1,9.9,No formal,68.6,13.6,7.6,1.0,No,No,Low,Private,Low
S0222,Female,17,95.2,5.7,No formal,62.2,5.7,12.1,5.7,No,Yes,Low,Private,Low
S0223,Male,15,82.7,0.0,No formal,50.4,23.7,28.3,21.4,No,No,High,Public,Medium
S0224,Female,16,76.5,5.1,Diploma,45.5,47.0,45.0,43.7,No,No,Low,Private,High
S0225,Male,16,80.0,8.8,Postgraduate,88.0,31.0,48.2,45.6,No,Yes,Middle,Public,High
S0226,Male,16,97.1,12.2,Diploma,69.4,18.2,24.5,32.9,No,No,High,Private,Medium
S0227,Female,15,92.6,17.8,Diploma,40.1,2.3,11.1,13.7,No,No,Middle,Private,Low
S0228,Female,17,73.1,17.2,Diploma,65.9,5.4,3.7,2.8,No,Yes,High,Public,Low
S0229,Female,17,99.3,0.2,Postgraduate,67.5,25.9,29.6,32.6,Yes,Yes,Middle,Public,Medium
S0230,Male,18,90.5,13.0,No formal,67.1,12.7,2.8,6.7,No,No,High,Public,Low
S0231,Female,18,88.4,0.1,Postgraduate,59.7,3.6,12.5,2.4,Yes,No,Middle,Public,Low
S0232,Female,18,91.8,16.8,High school,67.5,2.2,13.8,11.9,Yes,Yes,Low,Public,Low
S0233,Male,15,71.0,10.5,High school,83.0,5.6,6.3,2.0,No,Yes,High,Private,Low
S0234,Female,16,89.7,10.7,Diploma,81.6,44.9,41.0,33.1,Yes,No,Middle,Public,High
S0235,Female,15,99.4,11.6,Postgraduate,86.5,20.9,24.6,29.8,No,No,Low,Public,Medium
S0236,Male,16,79.1,3.9,No formal,63.4,44.0,38.6,30.1,Yes,No,Low,Private,High
S0237,Female,18,99.9,13.1,Undergraduate,89.3,20.6,24.6,27.4,Yes,Yes,Low,Public,Medium
S0238,Female,18,78.8,13.0,High school,55.3,32.1,16.0,16.4,No,Yes,High,Private,Medium
S0239,Male,16,91.9,17.1,No formal,84.5,33.7,38.0,31.6,Yes,Yes,High,Public,High
S0240,Male,16,72.9,9.3,High school,70.8,30.6,42.8,45.2,No,Yes,Low,Public,High
S0241,Male,15,81.6,4.9,Diploma,89.4,16.2,19.7,30.1,No,No,Middle,Private,Medium
S0242,Male,18,93.9,0.8,High school,62.2,7.9,9.3,14.3,No,Yes,Middle,Public,Low
S0243,Male,17,79.6,5.7,Diploma,92.3,15.3,10.4,2.8,No,Yes,Middle,Public,Low
S0244,Male,18,84.7,9.3,No formal,47.7,29.5,31.8,29.5,Yes,No,High,Private,Medium
S0245,Male,18,99.3,10.5,Postgraduate,74.4,48.5,28.5,41.3,Yes,Yes,High,Private,High
S0246,Female,17,81.9,8.4,Postgraduate,90.7,46.2,30.2,42.1,Yes,No,Low,Public,High
S0247,Female,15,89.1,0.1,High school,69.7,34.2,29.3,28.4,No,No,Middle,Private,High
S0248,Male,17,88.6,12.0,Postgraduate,73.9,3.3,13.2,13.8,No,Yes,High,Private,Low
S0249,Female,17,86.5,5.3,No formal,55.7,7.8,2.5,5.9,Yes,No,Low,Private,Low
S0250,Male,17,70.0,2.7,Diploma,73.3,18.5,17.4,31.6,No,No,High,Public,Medium
S0251,Male,15,86.8,1.5,No formal,57.5,46.7,40.6,36.5,No,No,Middle,Public,High
S0252,Male,16,87.6,12.7,High school,63.4,43.0,47.3,45.0,Yes,Yes,Low,Private,High
S0253,Male,18,94.9,12.6,No formal,79.9,47.9,43.3,45.1,Yes,No,High,Public,High
S0254,Male,17,98.6,8.6,No formal,90.9,1.6,12.1,6.1,Yes,Yes,High,Private,Low
S0255,Female,16,79.5,11.3,No formal,42.5,11.5,7.4,14.6,Yes,No,High,Private,Low
S0256,Male,17,72.2,10.0,No formal,83.7,31.8,38.4,36.2,Yes,No,Middle,Private,High
S0257,Female,18,83.5,15.6,Postgraduate,74.4,38.0,39.3,35.2,Yes,No,Low,Private,High
S0258,Male,16,71.8,13.1,High school,95.1,25.3,32.7,17.5,No,Yes,High,Private,Medium
S0259,Female,15,85.8,17.3,High school,89.9,32.7,48.1,49.3,Yes,Yes,High,Private,High
S0260,Female,17,75.9,2.5,No formal,82.0,4.2,1.2,9.8,Yes,No,Middle,Public,Low
S0261,Male,17,81.1,13.2,Postgraduate,59.4,34.4,47.7,47.6,No,No,High,Public,High
S0262,Female,16,88.4,1.9,Postgraduate,91.0,43.0,45.4,28.9,Yes,No,Low,Private,High
S0263,Male,18,87.3,17.2,No formal,82.1,2.7,2.8,16.7,No,No,High,Public,Low
S0264,Male,16,97.5,0.5,Undergraduate,74.5,42.0,43.3,39.5,No,No,High,Private,High
S0265,Male,16,85.4,4.9,Undergraduate,43.2,1.1,1.1,8.6,No,No,High,Private,Low
S0266,Male,18,72.5,8.3,High school,71.6,30.2,16.8,32.5,Yes,No,High,Public,Medium
S0267,Female,18,92.8,17.9,No formal,43.7,5.0,3.0,14.8,Yes,No,Low,Private,Low
S0268,Male,16,78.5,16.7,No formal,78.9,13.5,5.6,15.9,No,Yes,Low,Public,Low
S0269,Female,16,89.4,5.4,No formal,53.3,2.2,4.8,15.9,No,No,Low,Public,Low
S0270,Female,17,78.7,7.4,Diploma,98.3,18.1,20.2,30.4,Yes,No,Low,Private,Medium
S0271,Female,17,96.5,8.6,Undergraduate,79.4,15.1,7.8,2.4,Yes,No,Low,Private,Low
S0272,Male,16,84.6,17.1,No formal,64.7,26.5,20.7,14.6,No,Yes,Middle,Private,Medium
S0273,Female,18,78.1,6.7,Diploma,95.0,16.5,19.4,23.7,Yes,Yes,Middle,Public,Medium
S0274,Male,15,84.2,6.1,Diploma,76.4,46.3,45.6,38.5,No,Yes,High,Private,High
S0275,Female,17,87.5,7.9,High school,77.3,35.9,37.6,42.0,No,No,Middle,Public,High
S0276,Female,18,96.4,6.0,No formal,85.2,14.6,10.6,4.8,Yes,No,High,Public,Low
S0277,Male,18,78.9,9.5,Diploma,40.0,31.8,24.3,17.0,No,No,Low,Private,Medium
S0278,Female,17,82.7,6.3,No formal,74.0,44.3,48.5,38.0,No,No,High,Public,High
S0279,Male,16,90.6,4.0,Postgraduate,47.9,49.9,36.3,49.1,Yes,Yes,Low,Public,High
S0280,Male,15,82.0,15.1,Postgraduate,55.0,39.8,39.8,28.8,No,No,Middle,Private,High
S0281,Female,18,93.3,7.5,No formal,58.9,13.5,16.0,16.4,Yes,No,High,Public,Low
S0282,Female,16,81.1,4.2,No formal,78.5,19.6,17.3,20.8,No,Yes,High,Private,Medium
S0283,Male,16,93.4,5.6,Undergraduate,53.8,21.3,25.3,21.5,No,Yes,Low,Private,Medium
S0284,Male,15,73.5,16.3,Undergraduate,55.8,17.5,10.3,14.1,Yes,No,Low,Public,Low
S0285,Male,15,77.8,3.0,Diploma,52.5,35.0,42.0,42.9,No,No,Low,Public,High
S0286,Male,15,80.4,5.4,No formal,51.8,44.9,43.0,35.4,No,No,Middle,Private,High
S0287,Female,15,93.2,6.9,Diploma,53.3,40.9,44.3,36.4,Yes,No,Low,Private,High
S0288,Male,15,73.4,4.1,High school,52.9,9.0,0.8,5.8,Yes,Yes,High,Private,Low
S0289,Male,17,72.0,14.0,High school,88.2,33.7,31.3,17.0,Yes,No,High,Public,Medium
S0290,Male,16,75.8,15.6,Undergraduate,75.6,18.8,21.5,16.4,No,No,Low,Public,Medium
S0291,Female,18,74.4,8.7,Undergraduate,52.8,28.6,29.6,18.9,No,Yes,Middle,Public,Medium
S0292,Female,17,93.1,10.9,Undergraduate,84.8,4.7,8.1,9.3,Yes,No,Low,Public,Low
S0293,Female,15,88.2,11.4,High school,89.7,16.1,8.5,6.5,No,Yes,Middle,Private,Low
S0294,Female,17,87.6,1.5,Diploma,88.1,19.8,30.7,16.5,Yes,Yes,Low,Private,Medium
S0295,Female,17,83.6,13.2,No formal,85.6,16.5,8.6,0.9,No,Yes,High,Public,Low
S0296,Female,15,76.4,6.6,High school,99.0,26.3,20.6,27.8,Yes,Yes,High,Public,Medium
S0297,Male,18,77.3,3.6,Postgraduate,48.6,9.7,1.1,9.7,No,No,High,Public,Low
S0298,Female,15,77.2,9.4,Undergraduate,61.1,39.7,43.8,29.6,Yes,No,Middle,Public,High
S0299,Male,17,88.1,14.0,Postgraduate,65.0,48.7,50.0,31.5,No,Yes,Middle,Public,High
S0300,Female,15,72.4,3.0,Undergraduate,63.8,45.9,44.9,45.5,No,No,Low,Private,High
S0301,Male,17,86.5,4.3,No formal,71.5,30.8,37.8,34.9,No,Yes,Middle,Private,High
S0302,Male,18,77.9,2.4,Diploma,72.7,31.8,48.6,45.8,No,No,Middle,Private,High
S0303,Male,18,95.0,14.5,High school,50.6,44.7,49.6,27.3,Yes,No,Middle,Public,High
S0304,Female,15,96.0,14.0,Diploma,57.9,33.5,29.8,28.0,Yes,Yes,High,Public,Medium
S0305,Male,17,91.1,8.1,Postgraduate,72.9,29.2,14.9,16.9,No,Yes,Low,Public,Medium
S0306,Male,16,86.1,13.5,No formal,98.5,38.3,47.4,44.2,No,Yes,Low,Private,High
S0307,Male,15,88.6,12.3,Postgraduate,62.8,9.7,14.9,2.0,Yes,Yes,Low,Public,Low
S0308,Female,16,93.5,9.7,Undergraduate,95.3,16.7,14.7,28.6,Yes,Yes,High,Private,Medium
S0309,Female,15,94.3,11.2,Postgraduate,87.2,38.5,36.2,27.7,No,No,High,Private,High
S0310,Female,18,85.8,1.9,No formal,42.3,13.6,4.3,12.9,Yes,No,High,Private,Low
S0311,Male,16,72.4,12.2,Postgraduate,70.7,6.9,3.4,14.1,Yes,No,Low,Public,Low
S0312,Male,18,98.1,16.4,Undergraduate,57.6,6.0,4.0,10.7,No,No,Middle,Private,Low
S0313,Female,15,88.3,9.1,Diploma,66.5,32.8,47.2,40.7,No,No,Low,Private,High
S0314,Male,17,85.9,8.0,Undergraduate,92.0,20.8,16.6,20.2,Yes,No,High,Private,Medium
S0315,Female,16,89.6,3.3,No formal,46.9,31.0,25.5,13.1,No,No,Low,Private,Medium
S0316,Male,15,99.3,12.6,No formal,77.5,2.6,7.1,9.5,No,Yes,Low,Public,Low
S0317,Male,17,99.3,14.0,No formal,56.4,30.6,24.0,29.6,No,No,Middle,Private,Medium
S0318,Female,16,92.4,8.5,Diploma,41.1,7.2,2.5,0.2,Yes,No,Middle,Private,Low
S0319,Male,17,86.3,10.7,Undergraduate,53.7,37.5,46.0,40.3,Yes,Yes,Middle,Private,High
S0320,Female,17,73.8,11.0,No formal,66.3,44.5,39.1,37.3,Yes,No,Low,Private,High
S0321,Male,17,82.3,2.4,Diploma,55.8,17.1,10.7,12.3,No,Yes,Low,Private,Low
S0322,Female,17,95.9,11.0,Diploma,68.6,45.9,30.1,39.1,Yes,Yes,Low,Private,High
S0323,Male,18,81.5,0.1,Diploma,42.2,12.2,0.4,5.5,No,Yes,Low,Public,Low
S0324,Male,15,87.2,8.6,High school,60.5,11.7,5.8,16.5,No,Yes,Low,Private,Low
S0325,Female,17,74.3,15.9,Undergraduate,96.0,0.9,5.4,10.1,Yes,Yes,High,Private,Low
S0326,Female,16,85.7,12.9,Undergraduate,70.8,16.1,4.2,9.4,No,Yes,Middle,Private,Low
S0327,Female,15,75.5,6.8,No formal,98.4,10.8,1.6,1.6,Yes,No,High,Public,Low
S0328,Male,16,83.8,5.5,Undergraduate,42.7,42.5,41.5,38.8,Yes,Yes,High,Public,High
S0329,Female,17,93.3,12.8,High school,91.9,20.9,15.8,26.6,No,No,Low,Public,Medium
S0330,Male,18,72.7,11.3,High school,63.5,9.9,13.4,10.3,No,Yes,Middle,Public,Low
S0331,Male,15,76.2,13.6,High school,64.8,35.1,40.7,47.9,Yes,Yes,High,Public,High
S0332,Female,16,90.0,1.8,Postgraduate,63.0,23.1,15.2,30.4,Yes,No,Middle,Public,Medium
S0333,Female,15,88.2,15.4,No formal,80.5,49.2,33.7,27.4,Yes,No,Middle,Private,High
S0334,Male,16,81.9,13.9,High school,86.0,33.9,17.2,26.6,Yes,Yes,High,Private,Medium
S0335,Male,15,81.1,0.2,High school,95.2,7.1,7.4,16.4,No,No,High,Public,Low
S0336,Male,18,93.6,5.1,Undergraduate,62.7,20.7,13.5,20.7,No,Yes,Middle,Public,Medium
S0337,Female,17,78.5,11.3,Undergraduate,74.7,15.3,7.4,0.9,No,Yes,High,Public,Low
S0338,Female,18,74.3,11.1,Undergraduate,95.5,16.9,22.9,24.6,Yes,Yes,Middle,Public,Medium
S0339,Male,18,87.2,6.1,Postgraduate,80.8,46.0,40.8,43.5,Yes,Yes,Middle,Private,High
S0340,Male,15,99.8,15.0,No formal,81.8,1.6,13.0,6.6,Yes,Yes,Middle,Private,Low
S0341,Male,15,83.2,13.1,No formal,43.6,24.8,17.3,14.5,Yes,Yes,Low,Public,Medium
S0342,Male,18,80.5,5.9,No formal,59.5,46.9,44.2,28.2,No,Yes,Middle,Private,High
S0343,Female,16,87.6,8.4,Postgraduate,55.9,6.4,9.0,11.9,Yes,Yes,Low,Public,Low
S0344,Female,18,80.8,17.1,Postgraduate,55.8,31.1,16.4,18.5,No,Yes,Low,Private,Medium
S0345,Female,17,87.8,8.7,Postgraduate,72.3,7.6,10.6,11.8,No,No,High,Private,Low
S0346,Male,15,82.1,13.3,Undergraduate,81.0,34.2,40.3,44.1,No,No,Low,Public,High
S0347,Female,16,95.5,3.1,No formal,47.5,35.9,38.4,34.6,No,No,Middle,Private,High
S0348,Female,15,98.8,2.2,Diploma,98.0,28.2,25.6,24.1,Yes,No,Low,Private,Medium
S0349,Male,18,71.8,9.8,Postgraduate,49.5,41.7,37.7,49.6,Yes,Yes,Middle,Public,High
S0350,Female,15,80.1,10.4,High school,95.3,9.2,4.8,7.0,No,No,Low,Public,Low
S0351,Male,17,85.6,8.8,Diploma,43.3,3.8,15.2,3.0,No,No,High,Public,Low
S0352,Male,16,73.6,1.5,Postgraduate,43.7,5.2,13.0,1.8,No,No,Low,Public,Low
S0353,Female,17,75.7,9.9,High school,59.6,25.3,22.4,18.2,Yes,No,Middle,Private,Medium
S0354,Female,17,71.7,13.9,High school,64.4,40.3,38.9,42.6,Yes,Yes,High,Public,High
S0355,Female,17,74.5,6.7,Postgraduate,65.1,49.6,29.2,35.0,No,No,High,Private,High
S0356,Female,15,93.5,14.3,High school,46.5,4.9,15.1,12.1,No,No,Low,Public,Low
S0357,Male,18,76.1,7.6,Diploma,69.6,11.0,9.1,8.4,No,No,Low,Private,Low
S0358,Female,18,86.3,2.8,Undergraduate,56.7,38.1,37.5,31.2,Yes,No,Low,Public,High
S0359,Male,16,100.0,16.5,No formal,87.6,17.4,20.7,33.8,Yes,Yes,High,Public,Medium
S0360,Male,16,79.6,12.7,No formal,70.6,44.0,35.6,34.3,No,No,Low,Private,High
S0361,Male,16,87.3,2.2,No formal,64.3,9.1,3.4,4.2,Yes,No,Middle,Public,Low
S0362,Female,18,85.8,14.4,Undergraduate,67.7,32.1,35.1,40.8,Yes,No,Low,Private,High
S0363,Male,18,91.6,16.5,High school,45.1,34.0,44.1,43.8,Yes,No,Middle,Public,High
S0364,Male,17,87.1,6.7,Undergraduate,89.6,1.6,6.6,4.9,Yes,No,High,Public,Low
S0365,Female,17,91.9,10.3,Undergraduate,43.7,24.9,31.0,20.5,No,Yes,Low,Public,Medium
S0366,Male,17,74.8,7.8,Diploma,77.5,1.9,9.5,2.5,No,No,Middle,Public,Low
S0367,Male,16,92.5,9.5,Undergraduate,48.1,7.5,4.6,7.4,Yes,Yes,Middle,Public,Low
S0368,Male,15,73.3,14.1,Postgraduate,41.7,3.4,4.5,16.0,Yes,No,Middle,Private,Low
S0369,Male,15,95.1,4.8,Postgraduate,76.6,44.3,46.1,34.1,Yes,Yes,Middle,Public,High
S0370,Male,17,90.6,3.7,No formal,85.2,2.6,2.5,4.8,No,Yes,Middle,Private,Low
S0371,Male,17,79.1,8.4,High school,45.1,41.3,48.7,38.3,Yes,Yes,Low,Public,High
S0372,Female,15,73.9,5.5,Diploma,47.4,49.6,45.0,44.8,No,Yes,Low,Public,High
S0373,Male,16,97.5,3.1,Diploma,72.8,41.7,49.7,33.6,Yes,No,Low,Private,High
S0374,Female,17,85.2,8.2,Postgraduate,64.2,15.8,11.4,16.2,No,No,Low,Private,Low
S0375,Female,18,97.4,16.6,Postgraduate,63.3,32.4,27.9,26.8,Yes,No,Middle,Public,Medium
S0376,Male,17,89.2,15.2,High school,94.0,6.1,3.4,3.8,Yes,No,High,Public,Low
S0377,Male,15,99.8,14.1,High school,57.6,11.3,14.6,11.9,No,Yes,Low,Public,Low
S0378,Female,17,70.2,14.2,Undergraduate,90.1,2.9,0.8,5.4,Yes,Yes,Low,Public,Low
S0379,Male,15,99.5,4.6,High school,77.1,32.8,13.6,27.2,Yes,No,Low,Public,Medium
S0380,Female,17,96.4,7.5,No formal,78.5,20.8,23.6,17.0,No,Yes,High,Public,Medium
S0381,Female,15,96.0,4.3,High school,82.9,9.2,11.3,8.5,Yes,Yes,Low,Private,Low
S0382,Male,18,88.4,0.2,Postgraduate,86.0,0.1,9.2,9.8,Yes,Yes,Middle,Private,Low
S0383,Female,17,71.2,13.5,No formal,63.8,39.7,44.0,28.4,No,No,Low,Public,High
S0384,Male,17,81.4,6.3,Postgraduate,53.9,11.9,5.9,1.9,No,Yes,Middle,Public,Low
S0385,Female,18,84.8,3.0,No formal,86.7,20.7,31.2,25.8,No,No,Middle,Public,Medium
S0386,Male,16,85.2,0.4,Undergraduate,90.5,16.7,15.4,8.9,Yes,No,Middle,Public,Low
S0387,Male,17,89.1,7.1,Postgraduate,73.8,12.7,14.5,10.3,Yes,Yes,Middle,Public,Low
S0388,Female,16,90.8,7.0,High school,55.8,13.6,12.4,4.6,Yes,No,High,Private,Low
S0389,Male,15,76.7,9.2,Undergraduate,57.4,35.2,44.3,37.9,Yes,Yes,High,Private,High
S0390,Male,15,77.8,13.6,Undergraduate,55.0,32.2,32.4,38.3,Yes,No,High,Private,High
S0391,Male,16,98.0,16.9,No formal,52.3,43.8,45.7,48.4,No,Yes,Middle,Private,High
S0392,Male,16,87.0,8.5,No formal,81.0,33.8,15.7,31.4,Yes,No,High,Private,Medium
S0393,Female,17,90.6,16.3,Diploma,57.8,0.5,15.3,6.7,Yes,Yes,High,Public,Low
S0394,Male,18,73.8,2.7,Undergraduate,59.5,18.7,19.1,13.8,No,No,Low,Private,Medium
S0395,Female,17,87.8,0.1,Undergraduate,46.3,15.9,26.4,21.3,No,No,Middle,Public,Medium
S0396,Male,15,75.2,0.1,Diploma,52.6,33.5,44.2,37.4,Yes,Yes,High,Public,High
S0397,Male,17,78.1,11.5,High school,78.6,21.6,24.6,19.2,No,No,Middle,Public,Medium
S0398,Female,18,95.4,17.4,Undergraduate,66.0,6.3,12.5,11.5,No,No,High,Public,Low
S0399,Male,16,85.6,7.0,Diploma,88.0,9.3,12.6,16.3,No,No,High,Private,Low
S0400,Male,15,83.0,3.4,No formal,66.9,16.9,7.8,15.8,No,Yes,High,Private,Low
S0401,Female,17,86.3,2.1,Undergraduate,88.4,46.7,44.4,46.5,No,Yes,Middle,Private,High
S0402,Female,17,80.5,6.9,Diploma,49.4,15.6,9.2,5.4,Yes,Yes,Middle,Private,Low
S0403,Female,18,97.7,0.5,No formal,71.5,5.8,11.4,5.7,No,No,Low,Private,Low
S0404,Male,17,97.9,7.6,Diploma,45.3,11.2,2.6,16.9,Yes,No,Middle,Private,Low
S0405,Male,16,93.9,9.0,Undergraduate,85.8,41.6,35.9,41.8,Yes,No,Middle,Public,High
S0406,Male,15,85.6,6.2,Diploma,96.4,44.6,28.7,30.8,Yes,Yes,High,Private,High
S0407,Female,16,79.1,1.5,No formal,68.7,5.7,11.0,8.7,No,No,High,Private,Low
S0408,Male,15,87.3,2.5,Diploma,87.5,36.6,48.9,33.9,No,No,Middle,Private,High
S0409,Male,15,72.7,0.0,High school,60.4,7.2,4.3,0.6,Yes,Yes,Low,Public,Low
S0410,Female,15,93.8,15.4,Diploma,94.2,25.7,18.1,30.1,No,Yes,Low,Public,Medium
S0411,Female,18,74.4,12.8,Postgraduate,74.5,8.4,2.2,2.7,No,Yes,High,Public,Low
S0412,Female,16,88.9,7.4,High school,88.9,8.2,11.6,10.8,Yes,No,Low,Private,Low
S0413,Female,18,87.8,5.8,High school,49.4,18.9,22.3,13.3,No,Yes,Middle,Public,Medium
S0414,Male,17,77.7,10.4,No formal,93.5,3.4,15.5,4.3,No,Yes,High,Public,Low
S0415,Female,15,78.5,7.9,High school,85.4,9.8,13.9,9.2,Yes,No,High,Public,Low
S0416,Male,15,74.6,16.9,Diploma,45.3,39.9,31.4,46.4,No,No,Middle,Public,High
S0417,Male,15,84.9,10.1,High school,60.5,34.8,17.9,24.9,Yes,No,High,Public,Medium
S0418,Male,17,78.3,7.3,Undergraduate,65.5,13.7,2.9,1.4,Yes,Yes,High,Private,Low
S0419,Male,17,99.5,9.0,No formal,58.0,31.3,44.2,43.5,No,Yes,High,Private,High
S0420,Male,15,91.2,14.7,Postgraduate,98.9,40.6,39.2,32.6,No,No,High,Public,High
S0421,Female,18,79.6,13.8,Diploma,52.9,21.4,19.3,22.7,No,No,High,Public,Medium
S0422,Male,15,76.2,11.9,No formal,99.6,33.0,24.3,20.6,Yes,Yes,Low,Private,Medium
S0423,Female,18,87.3,6.3,Undergraduate,68.9,0.9,8.1,4.4,No,Yes,Middle,Private,Low
S0424,Female,18,78.3,0.3,Diploma,92.6,31.8,44.3,35.3,No,Yes,High,Private,High
S0425,Male,16,87.5,13.7,Diploma,80.7,12.9,13.0,1.9,Yes,No,Low,Private,Low
S0426,Female,17,84.5,6.4,Undergraduate,92.2,43.5,43.7,48.5,Yes,Yes,Low,Public,High
S0427,Female,18,88.1,11.6,Postgraduate,70.8,20.8,16.4,20.0,No,No,Middle,Public,Medium
S0428,Male,15,93.3,14.4,Undergraduate,76.5,15.9,6.5,0.9,No,Yes,High,Public,Low
S0429,Female,15,81.5,10.6,No formal,75.9,8.4,16.0,13.4,No,Yes,Low,Private,Low
S0430,Male,17,85.9,6.3,Postgraduate,47.3,1.2,11.0,1.7,Yes,No,Low,Public,Low
S0431,Female,17,97.5,8.7,No formal,83.3,26.2,29.5,15.8,Yes,Yes,Low,Private,Medium
S0432,Female,17,75.2,17.2,Diploma,74.4,15.9,11.7,6.1,Yes,No,Low,Private,Low
S0433,Male,17,95.5,10.7,Postgraduate,96.6,5.7,2.3,5.1,Yes,Yes,Low,Public,Low
S0434,Male,18,92.6,2.7,Diploma,58.5,19.4,15.2,32.5,Yes,No,Low,Private,Medium
S0435,Male,16,87.5,13.0,Diploma,59.6,27.7,27.2,26.8,No,No,High,Private,Medium
S0436,Female,16,98.9,8.2,Diploma,69.5,32.4,29.0,22.3,Yes,No,Middle,Public,Medium
S0437,Female,18,70.5,12.2,No formal,82.8,24.3,19.7,19.4,Yes,Yes,High,Private,Medium
S0438,Male,15,86.7,17.9,Postgraduate,93.3,3.9,7.3,4.0,No,No,Middle,Public,Low
S0439,Male,17,70.8,2.2,Undergraduate,94.9,22.3,24.6,22.5,No,Yes,High,Public,Medium
S0440,Female,17,73.5,6.0,Postgraduate,51.2,21.9,27.7,28.5,No,No,Low,Private,Medium
S0441,Female,17,75.7,14.7,Undergraduate,95.3,31.2,37.8,40.7,No,No,Low,Private,High
S0442,Female,17,77.9,2.7,Diploma,97.4,35.6,35.3,32.3,No,Yes,High,Public,High
S0443,Female,17,90.3,14.1,No formal,86.6,5.3,7.5,13.6,Yes,No,Middle,Private,Low
S0444,Female,18,76.8,2.7,Postgraduate,88.9,23.9,20.7,20.3,Yes,No,Middle,Public,Medium
S0445,Male,15,75.4,14.5,No formal,55.7,23.1,27.5,14.4,No,Yes,Middle,Public,Medium
S0446,Female,15,81.3,4.8,Diploma,70.4,10.9,4.4,12.5,Yes,Yes,High,Public,Low
S0447,Female,17,89.8,6.4,High school,87.5,6.2,14.9,6.6,No,No,Middle,Private,Low
S0448,Male,16,97.9,10.0,Undergraduate,84.6,34.6,49.7,36.8,Yes,No,Middle,Private,High
S0449,Female,15,78.6,14.0,Postgraduate,59.2,34.9,43.5,48.8,No,No,Middle,Private,High
S0450,Female,16,87.9,14.1,Diploma,65.6,23.6,16.9,28.1,Yes,Yes,High,Public,Medium
S0451,Female,15,85.7,8.6,Postgraduate,61.1,41.5,45.7,27.2,Yes,No,Middle,Public,High
S0452,Female,17,72.0,14.0,High school,82.9,6.8,6.7,14.0,No,Yes,High,Public,Low
S0453,Male,17,74.1,7.4,Undergraduate,48.1,31.5,31.9,46.8,Yes,No,Low,Private,High
S0454,Female,17,76.9,14.3,Diploma,51.3,22.3,18.9,17.1,No,No,Middle,Private,Medium
S0455,Female,17,97.4,10.3,High school,95.7,0.8,4.1,13.4,Yes,No,Middle,Private,Low
S0456,Female,18,87.5,5.2,Postgraduate,63.3,31.9,45.9,47.9,Yes,Yes,Middle,Private,High
S0457,Female,16,93.0,3.7,Postgraduate,67.1,15.1,13.8,6.6,Yes,No,Middle,Private,Low
S0458,Female,18,86.4,9.2,Postgraduate,52.2,23.6,19.3,16.8,Yes,No,Middle,Private,Medium
S0459,Male,17,92.2,6.5,High school,61.4,36.9,30.8,31.7,No,No,Middle,Public,High
S0460,Female,18,89.2,12.4,High school,47.4,14.3,6.0,1.3,Yes,No,Middle,Private,Low
S0461,Female,16,91.8,14.3,Diploma,74.2,45.9,44.1,34.5,Yes,Yes,Low,Public,High
S0462,Male,16,99.0,15.7,Postgraduate,68.9,13.1,7.8,5.1,No,No,Low,Public,Low
S0463,Male,18,92.6,9.2,Postgraduate,98.0,7.7,9.8,0.0,Yes,No,High,Private,Low
S0464,Male,17,84.9,16.2,Postgraduate,46.1,41.1,39.6,37.8,Yes,Yes,Low,Private,High
S0465,Male,17,75.2,0.3,High school,75.7,17.9,9.0,16.9,No,Yes,Middle,Private,Low
S0466,Female,16,71.6,11.3,Undergraduate,94.2,0.8,12.2,9.2,Yes,No,High,Public,Low
S0467,Female,17,89.5,7.2,Postgraduate,48.2,32.8,19.4,23.5,Yes,Yes,Low,Private,Medium
S0468,Male,15,87.8,14.2,Postgraduate,79.7,2.6,0.6,6.0,No,Yes,Low,Private,Low
S0469,Male,16,86.6,14.6,Postgraduate,48.5,32.6,27.7,32.1,No,Yes,High,Public,Medium
S0470,Male,16,81.6,6.5,High school,53.4,50.0,33.4,27.0,No,Yes,High,Public,High
S0471,Female,17,72.2,12.2,No formal,66.1,3.4,0.5,5.4,Yes,No,High,Public,Low
S0472,Female,18,88.1,16.7,Undergraduate,63.9,46.5,33.9,34.7,No,No,High,Private,High
S0473,Female,15,91.0,4.7,No formal,93.3,33.9,30.1,21.3,No,No,Middle,Private,Medium
S0474,Female,18,93.7,13.4,Undergraduate,52.4,20.2,29.0,23.3,No,No,Middle,Private,Medium
S0475,Female,15,74.7,11.6,Postgraduate,74.2,36.4,32.3,32.5,No,Yes,High,Public,High
S0476,Female,16,80.4,14.3,Postgraduate,94.2,36.2,37.0,27.8,Yes,No,Middle,Private,High
S0477,Female,16,73.6,0.8,Undergraduate,50.5,15.8,14.0,4.1,Yes,Yes,Middle,Public,Low
S0478,Male,16,82.7,1.0,Diploma,63.2,44.5,38.3,47.0,No,No,Low,Public,High
S0479,Female,16,85.6,12.7,Postgraduate,74.4,9.9,5.2,16.5,Yes,No,Low,Public,Low
S0480,Female,18,96.9,16.3,High school,77.2,34.9,37.2,45.7,No,Yes,Low,Public,High
S0481,Female,16,89.7,1.3,Undergraduate,59.1,21.2,16.0,23.4,No,Yes,Low,Public,Medium
S0482,Female,15,87.9,11.9,Diploma,80.5,9.7,7.1,4.1,Yes,Yes,Low,Public,Low
S0483,Male,16,78.3,10.5,Diploma,89.2,39.6,29.6,29.7,No,Yes,High,Private,High
S0484,Female,16,93.0,8.4,Postgraduate,53.0,28.3,13.4,17.4,Yes,No,Middle,Public,Medium
S0485,Male,17,91.1,8.8,High school,52.9,16.3,32.5,23.1,Yes,No,Low,Private,Medium
S0486,Male,15,88.6,9.2,No formal,43.7,26.2,17.0,33.0,Yes,Yes,High,Private,Medium
S0487,Male,16,74.2,0.8,No formal,65.7,26.8,16.2,21.5,Yes,No,High,Private,Medium
S0488,Male,18,83.5,15.8,High school,53.3,25.3,28.7,13.2,Yes,Yes,Low,Private,Medium
S0489,Female,15,70.3,11.0,Undergraduate,70.5,21.8,17.0,16.9,No,Yes,Middle,Private,Medium
S0490,Male,18,89.6,11.3,Diploma,56.3,33.3,31.1,13.1,No,No,High,Private,Medium
S0491,Female,18,84.9,8.3,High school,99.6,9.9,3.7,8.2,Yes,Yes,Low,Private,Low
S0492,Male,15,94.4,3.1,High school,82.5,0.7,15.0,4.6,No,No,High,Public,Low
S0493,Female,15,79.1,9.8,High school,63.8,36.0,38.4,44.7,No,No,Low,Public,High
S0494,Female,17,85.2,5.2,Undergraduate,97.3,44.8,47.2,43.6,Yes,Yes,High,Private,High
S0495,Female,15,74.5,10.5,Diploma,41.0,31.1,18.0,32.5,Yes,No,Middle,Private,Medium
S0496,Male,18,84.1,14.0,High school,50.0,14.1,2.5,5.9,No,Yes,Middle,Private,Low
S0497,Male,15,96.6,10.0,Undergraduate,74.5,42.4,44.3,49.5,Yes,Yes,High,Public,High
S0498,Female,17,94.7,1.3,Postgraduate,74.8,33.1,48.7,48.6,Yes,Yes,Middle,Private,High
S0499,Female,16,94.2,16.8,High school,63.2,26.0,30.7,32.1,Yes,Yes,Low,Public,Medium
S0500,Male,16,72.8,10.7,No formal,70.8,10.1,0.7,14.5,Yes,Yes,High,Public,Low